episode,episode_reward,step
10.0,32.25029804939817,10000
20.0,512.4571658599474,20000
30.0,586.0475739248832,30000
40.0,647.8713587829185,40000
