episode,episode_reward,step
10.0,458.6929180161311,10000
20.0,665.5783317926764,20000
30.0,387.84373907100434,30000
40.0,712.089318456619,40000
