episode,episode_reward,step
10.0,212.1605092159099,10000
20.0,597.3861532719932,20000
30.0,359.9523114428801,30000
40.0,921.2513476279692,40000
