episode,episode_reward,step
10.0,89.14681621541675,10000
20.0,212.63569433922498,20000
30.0,343.84827219858875,30000
40.0,776.3288172933222,40000
